CustomerID,TotalOrders,ShipCountry,order_date,shipped_date,DeliveryTime
HUNGC,1,USA,1997/09/08,1997/10/15,37
GOURL,1,Brazil,1997/12/15,1998/01/21,37
HUNGO,4,Ireland,1996/12/12,1997/01/16,35
PICCO,1,Austria,1997/01/27,1997/03/03,35
LAZYK,1,USA,1997/05/22,1997/06/26,35
LEHMS,3,Germany,1997/07/09,1997/08/13,35
BERGS,3,Sweden,1998/03/04,1998/04/08,35
HUNGO,5,Ireland,1996/09/19,1996/10/23,34
HILAA,2,Venezuela,1997/10/15,1997/11/18,34
GOURL,3,Brazil,1997/10/17,1997/11/20,34
LACOR,3,France,1998/03/05,1998/04/08,34
GALED,2,Spain,1996/11/28,1996/12/30,32
GOURL,2,Brazil,1997/01/23,1997/02/24,32
OLDWO,1,USA,1997/02/10,1997/03/14,32
WHITC,2,USA,1997/03/24,1997/04/25,32
WHITC,3,USA,1997/07/11,1997/08/12,32
EASTC,2,UK,1997/11/03,1997/12/05,32
REGGC,3,Italy,1997/11/03,1997/12/05,32
BSBEV,2,UK,1997/06/24,1997/07/25,31
BOLID,1,Spain,1998/03/24,1998/04/24,31
FOLKO,2,Sweden,1996/07/24,1996/08/23,30
QUICK,5,Germany,1997/04/23,1997/05/23,30
HUNGO,3,Ireland,1997/09/30,1997/10/30,30
FRANS,1,Italy,1997/12/31,1998/01/30,30
SPLIR,1,USA,1996/08/01,1996/08/30,29
BERGS,3,Sweden,1996/08/14,1996/09/12,29
SUPRD,3,Belgium,1996/09/10,1996/10/09,29
PRINI,1,Portugal,1997/02/03,1997/03/04,29
SEVES,4,UK,1997/05/01,1997/05/30,29
ISLAT,3,UK,1997/11/20,1997/12/19,29
MORGK,2,Germany,1997/12/16,1998/01/14,29
GREAL,2,USA,1998/01/06,1998/02/04,29
QUICK,2,Germany,1997/12/22,1998/01/19,28
LINOD,2,Venezuela,1998/01/19,1998/02/16,28
MAISD,4,Belgium,1998/03/26,1998/04/23,28
OTTIK,2,Germany,1997/04/16,1997/05/13,27
ERNSH,2,Austria,1997/12/24,1998/01/20,27
OLDWO,3,USA,1996/09/13,1996/10/09,26
GALED,1,Spain,1997/06/13,1997/07/09,26
WHITC,1,USA,1997/10/30,1997/11/25,26
QUICK,4,Germany,1997/05/19,1997/06/13,25
RATTC,2,USA,1997/06/16,1997/07/11,25
BLONP,2,France,1998/01/12,1998/02/06,25
BONAP,2,France,1998/01/12,1998/02/06,25
BERGS,3,Sweden,1998/02/06,1998/03/03,25
CHOPS,3,Switzerland,1996/12/03,1996/12/27,24
ERNSH,5,Austria,1997/04/22,1997/05/16,24
QUEEN,3,Brazil,1997/10/14,1997/11/07,24
OTTIK,3,Germany,1997/01/07,1997/01/30,23
LEHMS,4,Germany,1997/05/14,1997/06/06,23
BONAP,3,France,1997/09/10,1997/10/03,23
SAVEA,4,USA,1997/09/23,1997/10/16,23
ERNSH,1,Austria,1997/12/10,1998/01/02,23
LAMAI,2,France,1996/11/11,1996/12/03,22
RANCH,2,Argentina,1998/01/13,1998/02/04,22
RICSU,3,Switzerland,1998/03/16,1998/04/07,22
OCEAN,4,Argentina,1998/03/30,1998/04/21,22
LAMAI,1,France,1996/12/03,1996/12/24,21
LAMAI,2,France,1997/01/24,1997/02/14,21
RICAR,3,Brazil,1997/02/14,1997/03/07,21
QUICK,4,Germany,1997/02/19,1997/03/12,21
SUPRD,3,Belgium,1997/03/14,1997/04/04,21
BONAP,2,France,1997/05/02,1997/05/23,21
SAVEA,2,USA,1997/07/18,1997/08/08,21
FOLKO,2,Sweden,1998/01/09,1998/01/30,21
FOLKO,1,Sweden,1998/03/27,1998/04/17,21
VICTE,2,France,1997/02/19,1997/03/11,20
LAZYK,1,USA,1997/03/21,1997/04/10,20
HILAA,4,Venezuela,1997/12/25,1998/01/14,20
HUNGO,2,Ireland,1998/02/26,1998/03/18,20
HILAA,2,Venezuela,1998/03/19,1998/04/08,20
HANAR,2,Brazil,1998/04/14,1998/05/04,20
PERIC,1,Mexico,1996/10/04,1996/10/23,19
PERIC,3,Mexico,1997/04/10,1997/04/29,19
QUICK,5,Germany,1997/10/03,1997/10/22,19
THEBI,2,USA,1997/10/17,1997/11/05,19
SAVEA,6,USA,1998/01/22,1998/02/10,19
QUEEN,3,Brazil,1998/02/04,1998/02/23,19
CHOPS,3,Switzerland,1998/03/20,1998/04/08,19
BLONP,2,France,1996/07/25,1996/08/12,18
SAVEA,4,USA,1997/02/10,1997/02/28,18
SAVEA,4,USA,1997/11/27,1997/12/15,18
WHITC,5,USA,1998/01/30,1998/02/17,18
BONAP,4,France,1998/03/06,1998/03/24,18
KOENE,2,Germany,1997/04/15,1997/05/02,17
ERNSH,2,Austria,1997/06/17,1997/07/04,17
BLAUS,2,Germany,1997/06/27,1997/07/14,17
FRANK,2,Germany,1997/09/02,1997/09/19,17
HANAR,3,Brazil,1998/02/13,1998/03/02,17
LINOD,1,Venezuela,1997/01/06,1997/01/22,16
WARTH,1,Finland,1996/10/03,1996/10/18,15
EASTC,3,UK,1997/01/01,1997/01/16,15
CONSH,2,UK,1997/03/03,1997/03/18,15
AROUT,2,UK,1997/12/24,1998/01/08,15
HILAA,2,Venezuela,1998/02/02,1998/02/17,15
FOLKO,4,Sweden,1998/03/26,1998/04/10,15
RICAR,2,Brazil,1997/06/10,1997/06/24,14
SIMOB,2,Denmark,1997/08/22,1997/09/05,14
ANATR,1,Mexico,1997/11/28,1997/12/12,14
THECR,2,USA,1997/12/12,1997/12/26,14
OCEAN,1,Argentina,1998/02/20,1998/03/06,14
WOLZA,4,Poland,1998/04/03,1998/04/17,14
TORTU,4,Mexico,1996/08/29,1996/09/11,13
LILAS,3,Venezuela,1996/11/19,1996/12/02,13
ANTON,2,Mexico,1998/01/28,1998/02/10,13
GALED,2,Spain,1998/03/05,1998/03/18,13
RICSU,2,Switzerland,1998/03/06,1998/03/19,13
MAISD,2,Belgium,1998/04/07,1998/04/20,13
FRANS,2,Italy,1998/04/15,1998/04/28,13
VINET,3,France,1996/07/04,1996/07/16,12
CHOPS,3,Switzerland,1996/07/11,1996/07/23,12
LILAS,2,Venezuela,1996/10/16,1996/10/28,12
PICCO,2,Austria,1996/11/13,1996/11/25,12
SIMOB,4,Denmark,1997/01/16,1997/01/28,12
PICCO,2,Austria,1997/03/28,1997/04/09,12
BLAUS,1,Germany,1997/04/17,1997/04/29,12
LAMAI,1,France,1997/07/25,1997/08/06,12
THECR,3,USA,1997/08/07,1997/08/19,12
LINOD,3,Venezuela,1997/08/20,1997/09/01,12
RICAR,2,Brazil,1997/08/28,1997/09/09,12
ISLAT,1,UK,1997/09/18,1997/09/30,12
WHITC,4,USA,1997/11/13,1997/11/25,12
WELLI,1,Brazil,1998/02/20,1998/03/04,12
SANTG,3,Norway,1998/02/26,1998/03/10,12
SUPRD,4,Belgium,1998/03/06,1998/03/18,12
BONAP,2,France,1998/03/11,1998/03/23,12
BOTTM,2,Canada,1998/03/27,1998/04/08,12
REGGC,2,Italy,1998/04/09,1998/04/21,12
QUEDE,2,Brazil,1996/07/19,1996/07/30,11
REGGC,2,Italy,1996/08/23,1996/09/03,11
RATTC,2,USA,1996/09/27,1996/10/08,11
QUICK,2,Germany,1996/11/22,1996/12/03,11
BOTTM,3,Canada,1997/01/10,1997/01/21,11
WARTH,3,Finland,1997/01/16,1997/01/27,11
OCEAN,1,Argentina,1997/05/08,1997/05/19,11
TRAIH,4,USA,1997/06/19,1997/06/30,11
FURIB,2,Portugal,1997/07/18,1997/07/29,11
SAVEA,6,USA,1997/09/04,1997/09/15,11
LETSS,2,USA,1997/11/10,1997/11/21,11
DRACD,1,Germany,1997/12/25,1998/01/05,11
QUEEN,2,Brazil,1998/03/19,1998/03/30,11
CHOPS,2,Switzerland,1998/04/16,1998/04/27,11
OTTIK,4,Germany,1996/07/19,1996/07/29,10
VINET,2,France,1996/08/06,1996/08/16,10
WANDK,4,Germany,1996/09/23,1996/10/03,10
QUICK,1,Germany,1996/09/24,1996/10/04,10
LONEP,1,USA,1996/09/30,1996/10/10,10
BONAP,3,France,1996/10/29,1996/11/08,10
BLONP,5,France,1996/11/22,1996/12/02,10
FRANK,3,Germany,1996/12/27,1997/01/06,10
SAVEA,2,USA,1996/12/30,1997/01/09,10
RICSU,2,Switzerland,1997/01/20,1997/01/30,10
GALED,2,Spain,1997/01/27,1997/02/06,10
FOLKO,2,Sweden,1997/02/03,1997/02/13,10
FURIB,4,Portugal,1997/03/04,1997/03/14,10
BOTTM,2,Canada,1997/04/01,1997/04/11,10
SAVEA,2,USA,1997/04/18,1997/04/28,10
TORTU,3,Mexico,1997/04/25,1997/05/05,10
WARTH,3,Finland,1997/05/05,1997/05/15,10
FOLKO,3,Sweden,1997/05/12,1997/05/22,10
HANAR,4,Brazil,1997/05/19,1997/05/29,10
SEVES,2,UK,1997/05/23,1997/06/02,10
SIMOB,1,Denmark,1997/06/03,1997/06/13,10
MORGK,4,Germany,1997/06/20,1997/06/30,10
GREAL,1,USA,1997/07/04,1997/07/14,10
SAVEA,2,USA,1997/08/11,1997/08/21,10
WANDK,2,Germany,1997/09/01,1997/09/11,10
RICSU,2,Switzerland,1997/09/12,1997/09/22,10
ALFKI,1,Germany,1997/10/03,1997/10/13,10
HUNGO,2,Ireland,1997/10/21,1997/10/31,10
LINOD,3,Venezuela,1997/11/04,1997/11/14,10
HUNGO,2,Ireland,1997/11/11,1997/11/21,10
SUPRD,1,Belgium,1997/12/05,1997/12/15,10
ISLAT,2,UK,1997/12/26,1998/01/05,10
KOENE,3,Germany,1997/12/26,1998/01/05,10
SEVES,3,UK,1997/12/26,1998/01/05,10
THEBI,2,USA,1997/12/30,1998/01/09,10
REGGC,3,Italy,1998/01/02,1998/01/12,10
ISLAT,4,UK,1998/01/13,1998/01/23,10
QUICK,2,Germany,1998/02/02,1998/02/12,10
RICAR,2,Brazil,1998/02/09,1998/02/19,10
WELLI,1,Brazil,1998/02/24,1998/03/06,10
RANCH,3,Argentina,1998/02/27,1998/03/09,10
LAMAI,3,France,1998/03/03,1998/03/13,10
ISLAT,2,UK,1998/03/06,1998/03/16,10
OLDWO,1,USA,1998/03/20,1998/03/30,10
TOMSP,2,Germany,1998/03/23,1998/04/02,10
SAVEA,2,USA,1998/03/27,1998/04/06,10
RATTC,2,USA,1998/03/31,1998/04/10,10
LILAS,3,Venezuela,1998/04/03,1998/04/13,10
SAVEA,4,USA,1998/04/06,1998/04/16,10
SANTG,2,Norway,1998/04/10,1998/04/20,10
BSBEV,2,UK,1998/04/14,1998/04/24,10
SAVEA,4,USA,1998/04/17,1998/04/27,10
GOURL,2,Brazil,1998/04/24,1998/05/04,10
WHITC,2,USA,1996/07/31,1996/08/09,9
QUICK,2,Germany,1996/08/21,1996/08/30,9
MAGAA,2,Italy,1996/09/09,1996/09/18,9
RATTC,3,USA,1996/09/25,1996/10/04,9
TORTU,3,Mexico,1996/10/02,1996/10/11,9
ERNSH,4,Austria,1996/11/11,1996/11/20,9
WANDK,3,Germany,1996/11/18,1996/11/27,9
FOLKO,1,Sweden,1996/12/10,1996/12/19,9
SAVEA,5,USA,1996/12/25,1997/01/03,9
HUNGC,2,USA,1996/12/25,1997/01/03,9
RATTC,4,USA,1997/01/01,1997/01/10,9
HUNGC,2,USA,1997/01/15,1997/01/24,9
FRANS,1,Italy,1997/01/22,1997/01/31,9
HUNGO,2,Ireland,1997/01/29,1997/02/07,9
BERGS,4,Sweden,1997/02/12,1997/02/21,9
BLONP,3,France,1997/02/18,1997/02/27,9
VAFFE,5,Denmark,1997/03/05,1997/03/14,9
LONEP,2,USA,1997/05/21,1997/05/30,9
GODOS,4,Spain,1997/05/28,1997/06/06,9
FURIB,3,Portugal,1997/05/28,1997/06/06,9
LETSS,2,USA,1997/06/25,1997/07/04,9
WELLI,1,Brazil,1997/07/01,1997/07/10,9
VAFFE,3,Denmark,1997/07/07,1997/07/16,9
TRADH,3,Brazil,1997/07/22,1997/07/31,9
TOMSP,1,Germany,1997/07/23,1997/08/01,9
LAUGB,2,Canada,1997/08/05,1997/08/14,9
BERGS,3,Sweden,1997/08/11,1997/08/20,9
BERGS,3,Sweden,1997/09/02,1997/09/11,9
LONEP,1,USA,1997/09/09,1997/09/18,9
FURIB,3,Portugal,1997/09/10,1997/09/19,9
BERGS,2,Sweden,1997/09/17,1997/09/26,9
LETSS,3,USA,1997/10/27,1997/11/05,9
BONAP,3,France,1997/11/05,1997/11/14,9
QUICK,4,Germany,1997/11/18,1997/11/27,9
RICSU,4,Switzerland,1997/11/24,1997/12/03,9
MAISD,3,Belgium,1997/12/01,1997/12/10,9
LEHMS,2,Germany,1997/12/10,1997/12/19,9
LILAS,2,Venezuela,1997/12/16,1997/12/25,9
FOLIG,4,France,1997/12/22,1997/12/31,9
FRANK,2,Germany,1997/12/23,1998/01/01,9
QUEDE,2,Brazil,1997/12/24,1998/01/02,9
VICTE,4,France,1998/01/05,1998/01/14,9
SAVEA,1,USA,1998/01/05,1998/01/14,9
CACTU,2,Argentina,1998/01/07,1998/01/16,9
SANTG,4,Norway,1998/01/14,1998/01/23,9
SUPRD,4,Belgium,1998/01/20,1998/01/29,9
TORTU,4,Mexico,1998/01/20,1998/01/29,9
QUICK,5,Germany,1998/01/21,1998/01/30,9
ERNSH,2,Austria,1998/01/27,1998/02/05,9
BERGS,3,Sweden,1998/01/28,1998/02/06,9
BERGS,3,Sweden,1998/02/03,1998/02/12,9
WOLZA,2,Poland,1998/02/04,1998/02/13,9
SAVEA,3,USA,1998/02/11,1998/02/20,9
ROMEY,2,Spain,1998/03/02,1998/03/11,9
BOTTM,2,Canada,1998/03/02,1998/03/11,9
HANAR,2,Brazil,1998/03/04,1998/03/13,9
WELLI,3,Brazil,1998/03/09,1998/03/18,9
GREAL,1,USA,1998/03/09,1998/03/18,9
SAVEA,4,USA,1998/03/11,1998/03/20,9
AROUT,2,UK,1998/03/16,1998/03/25,9
HILAA,3,Venezuela,1998/03/18,1998/03/27,9
OCEAN,3,Argentina,1998/03/18,1998/03/27,9
ERNSH,3,Austria,1998/03/23,1998/04/01,9
FRANR,1,France,1998/03/24,1998/04/02,9
SPLIR,1,USA,1998/03/25,1998/04/03,9
HILAA,1,Venezuela,1998/03/25,1998/04/03,9
FOLKO,2,Sweden,1998/04/01,1998/04/10,9
WARTH,2,Finland,1998/04/15,1998/04/24,9
SUPRD,3,Belgium,1998/04/21,1998/04/30,9
COMMI,2,Brazil,1998/04/22,1998/05/01,9
ERNSH,4,Austria,1996/07/23,1996/07/31,8
FRANK,3,Germany,1996/07/29,1996/08/06,8
LEHMS,4,Germany,1996/08/19,1996/08/27,8
QUEDE,3,Brazil,1996/08/27,1996/09/04,8
VINET,1,France,1996/09/02,1996/09/10,8
LILAS,3,Venezuela,1996/09/03,1996/09/11,8
WANDK,2,Germany,1996/09/09,1996/09/17,8
LONEP,2,USA,1996/09/17,1996/09/25,8
ISLAT,1,UK,1996/10/03,1996/10/11,8
SPLIR,4,USA,1996/10/15,1996/10/23,8
WANDK,2,Germany,1996/11/07,1996/11/15,8
DRACD,3,Germany,1996/11/26,1996/12/04,8
EASTC,2,UK,1996/11/26,1996/12/04,8
DRACD,1,Germany,1996/12/23,1996/12/31,8
PICCO,1,Austria,1996/12/24,1997/01/01,8
HILAA,3,Venezuela,1996/12/26,1997/01/03,8
VAFFE,4,Denmark,1996/12/31,1997/01/08,8
ERNSH,2,Austria,1997/01/02,1997/01/10,8
BOTTM,3,Canada,1997/01/30,1997/02/07,8
TOMSP,3,Germany,1997/02/06,1997/02/14,8
ISLAT,2,UK,1997/03/13,1997/03/21,8
PERIC,4,Mexico,1997/03/13,1997/03/21,8
PRINI,3,Portugal,1997/03/17,1997/03/25,8
VICTE,1,France,1997/03/18,1997/03/26,8
BSBEV,3,UK,1997/03/24,1997/04/01,8
FURIB,2,Portugal,1997/03/31,1997/04/08,8
LAMAI,3,France,1997/04/02,1997/04/10,8
LAUGB,3,Canada,1997/04/03,1997/04/11,8
LILAS,2,Venezuela,1997/04/08,1997/04/16,8
LAMAI,2,France,1997/04/09,1997/04/17,8
ANTON,4,Mexico,1997/05/13,1997/05/21,8
BLONP,2,France,1997/06/05,1997/06/13,8
LEHMS,2,Germany,1997/07/08,1997/07/16,8
MEREP,4,Canada,1997/07/21,1997/07/29,8
BLONP,1,France,1997/08/12,1997/08/20,8
GODOS,2,Spain,1997/08/12,1997/08/20,8
ALFKI,3,Germany,1997/08/25,1997/09/02,8
REGGC,1,Italy,1997/09/03,1997/09/11,8
WANDK,3,Germany,1997/09/15,1997/09/23,8
PICCO,2,Austria,1997/09/30,1997/10/08,8
ERNSH,5,Austria,1997/10/09,1997/10/17,8
ALFKI,2,Germany,1997/10/13,1997/10/21,8
SAVEA,3,USA,1997/10/21,1997/10/29,8
QUEDE,2,Brazil,1997/10/28,1997/11/05,8
CHOPS,2,Switzerland,1997/11/06,1997/11/14,8
SAVEA,3,USA,1997/11/20,1997/11/28,8
HANAR,1,Brazil,1997/12/09,1997/12/17,8
BERGS,1,Sweden,1997/12/16,1997/12/24,8
WOLZA,3,Poland,1997/12/23,1997/12/31,8
SEVES,3,UK,1997/12/30,1998/01/07,8
OLDWO,2,USA,1998/01/01,1998/01/09,8
TRAIH,2,USA,1998/01/08,1998/01/16,8
TRADH,4,Brazil,1998/01/13,1998/01/21,8
OTTIK,3,Germany,1998/01/15,1998/01/23,8
OLDWO,4,USA,1998/01/27,1998/02/04,8
LONEP,1,USA,1998/02/03,1998/02/11,8
FOLKO,3,Sweden,1998/02/10,1998/02/18,8
LONEP,1,USA,1998/02/12,1998/02/20,8
MAISD,2,Belgium,1998/02/19,1998/02/27,8
FOLKO,2,Sweden,1998/02/23,1998/03/03,8
HANAR,3,Brazil,1998/02/24,1998/03/04,8
REGGC,2,Italy,1998/02/26,1998/03/06,8
BSBEV,3,UK,1998/03/11,1998/03/19,8
ALFKI,2,Germany,1998/03/16,1998/03/24,8
QUICK,1,Germany,1998/04/02,1998/04/10,8
RATTC,3,USA,1998/04/06,1998/04/14,8
FOLKO,4,Sweden,1998/04/06,1998/04/14,8
GREAL,2,USA,1998/04/07,1998/04/15,8
FRANK,3,Germany,1998/04/09,1998/04/17,8
WOLZA,1,Poland,1998/04/23,1998/05/01,8
FOLKO,1,Sweden,1998/04/27,1998/05/05,8
VICTE,3,France,1996/07/08,1996/07/15,7
CENTC,2,Mexico,1996/07/18,1996/07/25,7
QUICK,5,Germany,1996/08/05,1996/08/12,7
ROMEY,3,Spain,1996/08/14,1996/08/21,7
LILAS,4,Venezuela,1996/08/16,1996/08/23,7
COMMI,4,Brazil,1996/08/27,1996/09/03,7
RICAR,2,Brazil,1996/09/06,1996/09/13,7
GODOS,3,Spain,1996/09/11,1996/09/18,7
ROMEY,3,Spain,1996/09/16,1996/09/23,7
THEBI,2,USA,1996/09/20,1996/09/27,7
ISLAT,2,UK,1996/09/26,1996/10/03,7
KOENE,3,Germany,1996/10/07,1996/10/14,7
WARTH,3,Finland,1996/10/18,1996/10/25,7
VICTE,2,France,1996/10/21,1996/10/28,7
MEREP,3,Canada,1996/10/28,1996/11/04,7
SIMOB,2,Denmark,1996/10/29,1996/11/05,7
QUICK,3,Germany,1996/11/04,1996/11/11,7
SPLIR,1,USA,1996/11/08,1996/11/15,7
LAMAI,3,France,1996/11/20,1996/11/27,7
SPLIR,2,USA,1996/12/02,1996/12/09,7
FAMIA,2,Brazil,1996/12/18,1996/12/25,7
QUICK,4,Germany,1997/01/17,1997/01/24,7
REGGC,1,Italy,1997/01/28,1997/02/04,7
SPLIR,2,USA,1997/01/31,1997/02/07,7
WARTH,1,Finland,1997/02/05,1997/02/12,7
ERNSH,3,Austria,1997/02/11,1997/02/18,7
BERGS,2,Sweden,1997/02/13,1997/02/20,7
RANCH,2,Argentina,1997/02/17,1997/02/24,7
WARTH,4,Finland,1997/02/24,1997/03/03,7
COMMI,2,Brazil,1997/03/06,1997/03/13,7
BSBEV,2,UK,1997/03/11,1997/03/18,7
SEVES,2,UK,1997/03/12,1997/03/19,7
HILAA,2,Venezuela,1997/03/17,1997/03/24,7
HILAA,3,Venezuela,1997/03/26,1997/04/02,7
COMMI,1,Brazil,1997/04/02,1997/04/09,7
BLAUS,1,Germany,1997/04/09,1997/04/16,7
WHITC,4,USA,1997/04/11,1997/04/18,7
MEREP,1,Canada,1997/04/14,1997/04/21,7
ANTON,2,Mexico,1997/04/15,1997/04/22,7
HUNGO,3,Ireland,1997/04/24,1997/05/01,7
BSBEV,4,UK,1997/05/16,1997/05/23,7
TOMSP,2,Germany,1997/05/26,1997/06/02,7
HILAA,2,Venezuela,1997/05/29,1997/06/05,7
MEREP,2,Canada,1997/06/11,1997/06/18,7
BERGS,4,Sweden,1997/06/18,1997/06/25,7
TORTU,3,Mexico,1997/06/23,1997/06/30,7
TRAIH,3,USA,1997/06/23,1997/06/30,7
REGGC,1,Italy,1997/07/02,1997/07/09,7
QUEDE,3,Brazil,1997/07/02,1997/07/09,7
QUICK,2,Germany,1997/07/03,1997/07/10,7
MEREP,2,Canada,1997/07/07,1997/07/14,7
OLDWO,2,USA,1997/07/09,1997/07/16,7
PICCO,3,Austria,1997/07/11,1997/07/18,7
WOLZA,3,Poland,1997/07/25,1997/08/01,7
WILMK,1,Finland,1997/07/30,1997/08/06,7
MEREP,3,Canada,1997/08/01,1997/08/08,7
WARTH,2,Finland,1997/08/19,1997/08/26,7
QUEEN,3,Brazil,1997/08/19,1997/08/26,7
SANTG,1,Norway,1997/08/20,1997/08/27,7
WANDK,2,Germany,1997/08/21,1997/08/28,7
WELLI,3,Brazil,1997/08/25,1997/09/01,7
HANAR,2,Brazil,1997/08/26,1997/09/02,7
HUNGO,4,Ireland,1997/08/27,1997/09/03,7
QUEDE,2,Brazil,1997/08/27,1997/09/03,7
GOURL,2,Brazil,1997/09/01,1997/09/08,7
ERNSH,2,Austria,1997/09/12,1997/09/19,7
SIMOB,1,Denmark,1997/09/15,1997/09/22,7
FRANR,3,France,1997/09/17,1997/09/24,7
TORTU,3,Mexico,1997/09/22,1997/09/29,7
BLONP,1,France,1997/09/23,1997/09/30,7
WILMK,3,Finland,1997/10/07,1997/10/14,7
AROUT,3,UK,1997/10/16,1997/10/23,7
QUEEN,4,Brazil,1997/11/04,1997/11/11,7
VINET,2,France,1997/11/11,1997/11/18,7
VAFFE,1,Denmark,1997/11/17,1997/11/24,7
PICCO,4,Austria,1997/11/19,1997/11/26,7
FOLKO,4,Sweden,1997/12/02,1997/12/09,7
AROUT,4,UK,1997/12/08,1997/12/15,7
LAMAI,2,France,1997/12/19,1997/12/26,7
WELLI,3,Brazil,1997/12/30,1998/01/06,7
KOENE,4,Germany,1998/01/06,1998/01/13,7
SPLIR,2,USA,1998/01/08,1998/01/15,7
BERGS,4,Sweden,1998/01/16,1998/01/23,7
KOENE,2,Germany,1998/01/23,1998/01/30,7
VICTE,3,France,1998/01/23,1998/01/30,7
RICAR,4,Brazil,1998/01/26,1998/02/02,7
BLAUS,1,Germany,1998/01/27,1998/02/03,7
AROUT,2,UK,1998/02/02,1998/02/09,7
CACTU,1,Argentina,1998/02/11,1998/02/18,7
GODOS,2,Spain,1998/02/16,1998/02/23,7
RATTC,2,USA,1998/02/16,1998/02/23,7
GODOS,3,Spain,1998/02/26,1998/03/05,7
ANATR,4,Mexico,1998/03/04,1998/03/11,7
FRANK,3,Germany,1998/03/05,1998/03/12,7
REGGC,1,Italy,1998/03/11,1998/03/18,7
VAFFE,3,Denmark,1998/03/12,1998/03/19,7
MAGAA,1,Italy,1998/03/16,1998/03/23,7
FURIB,1,Portugal,1998/03/19,1998/03/26,7
COMMI,1,Brazil,1998/03/23,1998/03/30,7
VAFFE,1,Denmark,1998/04/02,1998/04/09,7
OTTIK,3,Germany,1998/04/03,1998/04/10,7
ERNSH,3,Austria,1998/04/13,1998/04/20,7
QUICK,5,Germany,1998/04/14,1998/04/21,7
SAVEA,5,USA,1998/04/17,1998/04/24,7
OLDWO,3,USA,1998/04/20,1998/04/27,7
SPECD,1,France,1998/04/22,1998/04/29,7
EASTC,2,UK,1998/04/24,1998/05/01,7
HILAA,4,Venezuela,1998/04/28,1998/05/05,7
HANAR,3,Brazil,1996/07/10,1996/07/16,6
HILAA,3,Venezuela,1996/07/16,1996/07/22,6
ERNSH,3,Austria,1996/07/17,1996/07/23,6
TORTU,2,Mexico,1996/08/08,1996/08/14,6
ROMEY,2,Spain,1996/08/15,1996/08/21,6
QUICK,3,Germany,1996/08/20,1996/08/26,6
RICAR,3,Brazil,1996/08/22,1996/08/28,6
RATTC,5,USA,1996/08/30,1996/09/05,6
BLONP,2,France,1996/09/04,1996/09/10,6
HUNGO,4,Ireland,1996/09/05,1996/09/11,6
ANATR,2,Mexico,1996/09/18,1996/09/24,6
DUMON,2,France,1996/09/20,1996/09/26,6
LEHMS,3,Germany,1996/10/31,1996/11/06,6
FURIB,2,Portugal,1996/11/12,1996/11/18,6
PERIC,2,Mexico,1996/11/14,1996/11/20,6
HUNGO,2,Ireland,1996/12/05,1996/12/11,6
SPLIR,3,USA,1996/12/17,1996/12/23,6
PRINI,2,Portugal,1996/12/27,1997/01/02,6
ERNSH,2,Austria,1997/01/03,1997/01/09,6
QUEEN,5,Brazil,1997/01/07,1997/01/13,6
FOLIG,3,France,1997/01/08,1997/01/14,6
WELLI,4,Brazil,1997/01/21,1997/01/27,6
QUEDE,4,Brazil,1997/01/21,1997/01/27,6
BLONP,4,France,1997/02/05,1997/02/11,6
SAVEA,2,USA,1997/02/20,1997/02/26,6
KOENE,1,Germany,1997/02/25,1997/03/03,6
SUPRD,5,Belgium,1997/02/26,1997/03/04,6
LINOD,4,Venezuela,1997/03/25,1997/03/31,6
FRANK,2,Germany,1997/03/27,1997/04/02,6
WANDK,3,Germany,1997/04/22,1997/04/28,6
LEHMS,4,Germany,1997/04/30,1997/05/06,6
BERGS,4,Sweden,1997/05/01,1997/05/07,6
KOENE,2,Germany,1997/05/20,1997/05/26,6
OTTIK,4,Germany,1997/05/30,1997/06/05,6
AROUT,5,UK,1997/06/04,1997/06/10,6
RATTC,3,USA,1997/06/10,1997/06/16,6
BLONP,3,France,1997/06/12,1997/06/18,6
FAMIA,1,Brazil,1997/06/26,1997/07/02,6
BSBEV,1,UK,1997/07/15,1997/07/21,6
HILAA,2,Venezuela,1997/07/16,1997/07/22,6
DUMON,3,France,1997/07/24,1997/07/30,6
ISLAT,4,UK,1997/08/05,1997/08/11,6
ANATR,3,Mexico,1997/08/08,1997/08/14,6
KOENE,2,Germany,1997/08/13,1997/08/19,6
FOLIG,4,France,1997/08/15,1997/08/21,6
GREAL,3,USA,1997/09/04,1997/09/10,6
HUNGO,2,Ireland,1997/09/09,1997/09/15,6
LONEP,3,USA,1997/09/11,1997/09/17,6
ANTON,3,Mexico,1997/09/25,1997/10/01,6
VAFFE,3,Denmark,1997/10/01,1997/10/07,6
BERGS,1,Sweden,1997/10/01,1997/10/07,6
WHITC,2,USA,1997/10/08,1997/10/14,6
LINOD,4,Venezuela,1997/10/08,1997/10/14,6
SAVEA,4,USA,1997/10/10,1997/10/16,6
FOLKO,3,Sweden,1997/10/14,1997/10/20,6
BONAP,2,France,1997/10/23,1997/10/29,6
SAVEA,4,USA,1997/10/29,1997/11/04,6
MEREP,2,Canada,1997/10/30,1997/11/05,6
SPECD,1,France,1997/11/12,1997/11/18,6
RICSU,3,Switzerland,1997/11/28,1997/12/04,6
RATTC,2,USA,1997/12/02,1997/12/08,6
GROSR,2,Venezuela,1997/12/18,1997/12/24,6
WELLI,1,Brazil,1998/01/01,1998/01/07,6
LAUGB,3,Canada,1998/01/01,1998/01/07,6
LINOD,3,Venezuela,1998/01/02,1998/01/08,6
RATTC,1,USA,1998/01/07,1998/01/13,6
ALFKI,2,Germany,1998/01/15,1998/01/21,6
CONSH,2,UK,1998/01/23,1998/01/29,6
FRANR,2,France,1998/01/29,1998/02/04,6
SUPRD,4,Belgium,1998/02/12,1998/02/18,6
HUNGO,2,Ireland,1998/02/19,1998/02/25,6
LILAS,1,Venezuela,1998/02/20,1998/02/26,6
WOLZA,1,Poland,1998/02/25,1998/03/03,6
WILMK,3,Finland,1998/02/26,1998/03/04,6
QUEEN,3,Brazil,1998/02/26,1998/03/04,6
AROUT,1,UK,1998/03/03,1998/03/09,6
VAFFE,2,Denmark,1998/03/03,1998/03/09,6
QUICK,4,Germany,1998/03/10,1998/03/16,6
MORGK,2,Germany,1998/03/12,1998/03/18,6
GODOS,3,Spain,1998/03/13,1998/03/19,6
HANAR,1,Brazil,1998/03/27,1998/04/02,6
EASTC,3,UK,1998/03/31,1998/04/06,6
ERNSH,4,Austria,1998/04/01,1998/04/07,6
QUICK,3,Germany,1998/04/01,1998/04/07,6
KOENE,2,Germany,1998/04/16,1998/04/22,6
WHITC,3,USA,1998/04/17,1998/04/23,6
RICSU,2,Switzerland,1998/04/17,1998/04/23,6
GODOS,1,Spain,1998/04/21,1998/04/27,6
CHOPS,2,Switzerland,1998/04/22,1998/04/28,6
BOTTM,1,Canada,1998/04/24,1998/04/30,6
HUNGO,3,Ireland,1998/04/30,1998/05/06,6
TOMSP,2,Germany,1996/07/05,1996/07/10,5
WARTH,1,Finland,1996/07/26,1996/07/31,5
TRADH,1,Brazil,1996/08/28,1996/09/02,5
TORTU,3,Mexico,1996/09/12,1996/09/17,5
KOENE,5,Germany,1996/10/09,1996/10/14,5
BONAP,1,France,1996/10/16,1996/10/21,5
FRANK,5,Germany,1996/10/24,1996/10/29,5
FRANK,4,Germany,1996/10/30,1996/11/04,5
AROUT,2,UK,1996/11/15,1996/11/20,5
SEVES,3,UK,1996/11/21,1996/11/26,5
ANTON,1,Mexico,1996/11/27,1996/12/02,5
QUEEN,4,Brazil,1996/12/04,1996/12/09,5
MAGAA,3,Italy,1997/01/03,1997/01/08,5
OCEAN,2,Argentina,1997/01/09,1997/01/14,5
BOTTM,2,Canada,1997/01/10,1997/01/15,5
TOMSP,4,Germany,1997/02/14,1997/02/19,5
AROUT,2,UK,1997/02/21,1997/02/26,5
LILAS,3,Venezuela,1997/02/28,1997/03/05,5
MAGAA,2,Italy,1997/03/06,1997/03/11,5
KOENE,2,Germany,1997/03/07,1997/03/12,5
RICAR,2,Brazil,1997/03/20,1997/03/25,5
HUNGO,2,Ireland,1997/04/11,1997/04/16,5
NORTS,3,UK,1997/04/24,1997/04/29,5
RICSU,5,Switzerland,1997/05/14,1997/05/19,5
HUNGO,3,Ireland,1997/06/12,1997/06/17,5
OTTIK,3,Germany,1997/06/26,1997/07/01,5
HUNGC,2,USA,1997/07/16,1997/07/21,5
VAFFE,1,Denmark,1997/07/17,1997/07/22,5
GREAL,4,USA,1997/07/31,1997/08/05,5
RICAR,2,Brazil,1997/08/06,1997/08/11,5
FRANK,5,Germany,1997/08/07,1997/08/12,5
WANDK,2,Germany,1997/08/14,1997/08/19,5
FAMIA,3,Brazil,1997/08/29,1997/09/03,5
QUEEN,3,Brazil,1997/09/05,1997/09/10,5
GREAL,3,USA,1997/09/25,1997/09/30,5
DUMON,1,France,1997/09/26,1997/10/01,5
OLDWO,3,USA,1997/10/16,1997/10/21,5
SAVEA,5,USA,1997/10/22,1997/10/27,5
FRANK,3,Germany,1997/10/24,1997/10/29,5
FAMIA,3,Brazil,1997/10/31,1997/11/05,5
GOURL,3,Brazil,1997/11/07,1997/11/12,5
VINET,2,France,1997/11/12,1997/11/17,5
SPLIR,4,USA,1997/11/27,1997/12/02,5
FOLIG,3,France,1997/12/03,1997/12/08,5
ERNSH,2,Austria,1997/12/03,1997/12/08,5
QUICK,1,Germany,1997/12/04,1997/12/09,5
ERNSH,3,Austria,1997/12/11,1997/12/16,5
CACTU,1,Argentina,1997/12/17,1997/12/22,5
VICTE,3,France,1997/12/31,1998/01/05,5
MAGAA,2,Italy,1998/01/07,1998/01/12,5
DRACD,2,Germany,1998/01/09,1998/01/14,5
LAMAI,4,France,1998/01/14,1998/01/19,5
ERNSH,5,Austria,1998/01/16,1998/01/21,5
VICTE,1,France,1998/01/21,1998/01/26,5
PICCO,1,Austria,1998/01/21,1998/01/26,5
LACOR,3,France,1998/01/29,1998/02/03,5
SEVES,4,UK,1998/02/04,1998/02/09,5
BONAP,3,France,1998/02/05,1998/02/10,5
GODOS,1,Spain,1998/02/06,1998/02/11,5
ERNSH,4,Austria,1998/02/18,1998/02/23,5
GOURL,1,Brazil,1998/03/18,1998/03/23,5
ERNSH,6,Austria,1998/03/26,1998/03/31,5
PRINI,3,Portugal,1998/04/08,1998/04/13,5
LINOD,1,Venezuela,1998/04/10,1998/04/15,5
EASTC,4,UK,1998/04/15,1998/04/20,5
HANAR,3,Brazil,1996/07/08,1996/07/12,4
RATTC,3,USA,1996/08/02,1996/08/06,4
MORGK,2,Germany,1996/08/09,1996/08/13,4
BERGS,4,Sweden,1996/08/12,1996/08/16,4
BOLID,3,Spain,1996/10/10,1996/10/14,4
MEREP,3,Canada,1996/10/17,1996/10/21,4
OLDWO,2,USA,1996/10/25,1996/10/29,4
WHITC,2,USA,1996/11/01,1996/11/05,4
VAFFE,4,Denmark,1996/11/28,1996/12/02,4
WOLZA,2,Poland,1996/12/05,1996/12/09,4
MEREP,1,Canada,1996/12/09,1996/12/13,4
SEVES,2,UK,1996/12/09,1996/12/13,4
BERGS,2,Sweden,1996/12/16,1996/12/20,4
BOTTM,4,Canada,1996/12/20,1996/12/24,4
MEREP,3,Canada,1997/01/23,1997/01/27,4
ERNSH,4,Austria,1997/01/30,1997/02/03,4
LAMAI,3,France,1997/02/21,1997/02/25,4
WHITC,3,USA,1997/03/10,1997/03/14,4
FOLIG,2,France,1997/03/20,1997/03/24,4
HILAA,3,Venezuela,1997/04/07,1997/04/11,4
PICCO,4,Austria,1997/05/08,1997/05/12,4
VICTE,3,France,1997/05/23,1997/05/27,4
WARTH,5,Finland,1997/05/30,1997/06/03,4
WARTH,3,Finland,1997/06/30,1997/07/04,4
BLONP,1,France,1997/06/30,1997/07/04,4
ERNSH,3,Austria,1997/07/10,1997/07/14,4
RATTC,2,USA,1997/07/14,1997/07/18,4
SAVEA,5,USA,1997/07/28,1997/08/01,4
GREAL,1,USA,1997/07/31,1997/08/04,4
HILAA,2,Venezuela,1997/08/22,1997/08/26,4
FRANK,3,Germany,1997/09/19,1997/09/23,4
ANTON,2,Mexico,1997/09/22,1997/09/26,4
OTTIK,3,Germany,1997/09/26,1997/09/30,4
GOURL,3,Brazil,1997/09/29,1997/10/03,4
WHITC,4,USA,1997/10/06,1997/10/10,4
MORGK,1,Germany,1997/10/09,1997/10/13,4
AROUT,1,UK,1997/11/14,1997/11/18,4
BOTTM,3,Canada,1997/11/14,1997/11/18,4
AROUT,1,UK,1997/11/17,1997/11/21,4
NORTS,2,UK,1997/11/24,1997/11/28,4
OTTIK,3,Germany,1997/12/05,1997/12/09,4
VAFFE,4,Denmark,1997/12/08,1997/12/12,4
MAGAA,3,Italy,1997/12/18,1997/12/22,4
QUEEN,3,Brazil,1997/12/19,1997/12/23,4
GOURL,2,Brazil,1997/12/22,1997/12/26,4
SIMOB,4,Denmark,1997/12/29,1998/01/02,4
RICAR,2,Brazil,1998/01/05,1998/01/09,4
LILAS,4,Venezuela,1998/01/09,1998/01/13,4
TRADH,2,Brazil,1998/01/15,1998/01/19,4
LINOD,3,Venezuela,1998/01/19,1998/01/23,4
RATTC,3,USA,1998/01/26,1998/01/30,4
FRANK,3,Germany,1998/01/29,1998/02/02,4
GODOS,4,Spain,1998/02/05,1998/02/09,4
BOTTM,4,Canada,1998/03/13,1998/03/17,4
QUICK,5,Germany,1998/03/19,1998/03/23,4
SPECD,3,France,1998/03/20,1998/03/24,4
SAVEA,3,USA,1998/03/30,1998/04/03,4
PERIC,2,Mexico,1998/04/02,1998/04/06,4
ALFKI,2,Germany,1998/04/09,1998/04/13,4
BOTTM,2,Canada,1998/04/16,1998/04/20,4
SUPRD,4,Belgium,1998/04/20,1998/04/24,4
HANAR,2,Brazil,1998/04/27,1998/05/01,4
FRANS,2,Italy,1998/04/30,1998/05/04,4
RICSU,4,Switzerland,1996/07/12,1996/07/15,3
RATTC,3,USA,1996/07/22,1996/07/25,3
GROSR,2,Venezuela,1996/07/30,1996/08/02,3
LEHMS,1,Germany,1996/08/13,1996/08/16,3
ISLAT,2,UK,1996/10/01,1996/10/04,3
FOLKO,4,Sweden,1996/10/11,1996/10/14,3
FURIB,3,Portugal,1996/10/14,1996/10/17,3
RATTC,2,USA,1996/11/05,1996/11/08,3
BONAP,3,France,1996/11/25,1996/11/28,3
ERNSH,4,Austria,1996/11/29,1996/12/02,3
HUNGC,2,USA,1996/12/06,1996/12/09,3
ERNSH,5,Austria,1996/12/13,1996/12/16,3
ERNSH,4,Austria,1996/12/23,1996/12/26,3
FAMIA,2,Brazil,1997/01/14,1997/01/17,3
CONSH,3,UK,1997/02/04,1997/02/07,3
MEREP,4,Canada,1997/02/07,1997/02/10,3
KOENE,2,Germany,1997/02/25,1997/02/28,3
FOLKO,2,Sweden,1997/02/28,1997/03/03,3
BONAP,3,France,1997/03/11,1997/03/14,3
HILAA,3,Venezuela,1997/03/31,1997/04/03,3
TRADH,1,Brazil,1997/04/04,1997/04/07,3
LEHMS,3,Germany,1997/04/04,1997/04/07,3
BONAP,3,France,1997/04/18,1997/04/21,3
FAMIA,4,Brazil,1997/04/21,1997/04/24,3
CHOPS,3,Switzerland,1997/04/28,1997/05/01,3
CACTU,3,Argentina,1997/04/29,1997/05/02,3
GREAL,3,USA,1997/05/06,1997/05/09,3
EASTC,2,UK,1997/05/09,1997/05/12,3
QUICK,3,Germany,1997/05/27,1997/05/30,3
LEHMS,2,Germany,1997/06/03,1997/06/06,3
FRANK,2,Germany,1997/06/06,1997/06/09,3
FOLKO,2,Sweden,1997/06/06,1997/06/09,3
REGGC,2,Italy,1997/06/09,1997/06/12,3
SAVEA,5,USA,1997/07/22,1997/07/25,3
HILAA,2,Venezuela,1997/07/29,1997/08/01,3
BLAUS,3,Germany,1997/07/29,1997/08/01,3
MEREP,2,Canada,1997/08/04,1997/08/07,3
ERNSH,4,Austria,1997/08/15,1997/08/18,3
MAGAA,3,Italy,1997/08/18,1997/08/21,3
QUICK,4,Germany,1997/09/05,1997/09/08,3
QUICK,3,Germany,1997/10/06,1997/10/09,3
FRANS,2,Italy,1997/10/20,1997/10/23,3
RANCH,3,Argentina,1997/10/24,1997/10/27,3
BERGS,3,Sweden,1997/11/07,1997/11/10,3
WARTH,3,Finland,1997/11/21,1997/11/24,3
ERNSH,4,Austria,1997/12/15,1997/12/18,3
TRADH,2,Brazil,1998/01/19,1998/01/22,3
LEHMS,2,Germany,1998/01/30,1998/02/02,3
WILMK,2,Finland,1998/02/06,1998/02/09,3
BONAP,2,France,1998/02/09,1998/02/12,3
GALED,1,Spain,1998/02/13,1998/02/16,3
HILAA,2,Venezuela,1998/02/23,1998/02/26,3
WHITC,2,USA,1998/02/24,1998/02/27,3
QUEEN,1,Brazil,1998/02/27,1998/03/02,3
TORTU,3,Mexico,1998/02/27,1998/03/02,3
LEHMS,1,Germany,1998/03/09,1998/03/12,3
CACTU,2,Argentina,1998/03/10,1998/03/13,3
MAGAA,2,Italy,1998/03/10,1998/03/13,3
BSBEV,1,UK,1998/03/13,1998/03/16,3
LINOD,4,Venezuela,1998/03/17,1998/03/20,3
FOLKO,1,Sweden,1998/03/17,1998/03/20,3
BLAUS,3,Germany,1998/03/17,1998/03/20,3
LACOR,3,France,1998/03/24,1998/03/27,3
HUNGO,3,Ireland,1998/03/30,1998/04/02,3
WILMK,2,Finland,1998/04/07,1998/04/10,3
AROUT,2,UK,1998/04/10,1998/04/13,3
LONEP,3,USA,1998/04/13,1998/04/16,3
EASTC,3,UK,1998/04/28,1998/05/01,3
SAVEA,5,USA,1998/05/01,1998/05/04,3
WHITC,3,USA,1998/05/01,1998/05/04,3
SUPRD,3,Belgium,1996/07/09,1996/07/11,2
WELLI,2,Brazil,1996/07/15,1996/07/17,2
MAGAA,2,Italy,1996/08/07,1996/08/09,2
BSBEV,2,UK,1996/08/26,1996/08/28,2
SAVEA,5,USA,1996/10/08,1996/10/10,2
HUNGO,4,Ireland,1996/10/22,1996/10/24,2
PRINI,1,Portugal,1996/10/23,1996/10/25,2
FAMIA,4,Brazil,1996/11/06,1996/11/08,2
QUEDE,3,Brazil,1996/12/11,1996/12/13,2
AROUT,3,UK,1996/12/16,1996/12/18,2
SANTG,4,Norway,1996/12/18,1996/12/20,2
WARTH,1,Finland,1997/01/13,1997/01/15,2
LAMAI,3,France,1997/01/14,1997/01/16,2
REGGC,2,Italy,1997/02/12,1997/02/14,2
SUPRD,2,Belgium,1997/03/04,1997/03/06,2
RATTC,4,USA,1997/03/19,1997/03/21,2
QUEEN,3,Brazil,1997/03/26,1997/03/28,2
SANTG,2,Norway,1997/04/29,1997/05/01,2
QUICK,2,Germany,1997/05/05,1997/05/07,2
MAISD,3,Belgium,1997/05/07,1997/05/09,2
LEHMS,3,Germany,1997/05/12,1997/05/14,2
LILAS,2,Venezuela,1997/05/21,1997/05/23,2
SAVEA,5,USA,1997/06/02,1997/06/04,2
MEREP,2,Canada,1997/06/17,1997/06/19,2
FRANK,5,Germany,1997/09/16,1997/09/18,2
OLDWO,3,USA,1997/09/24,1997/09/26,2
HUNGO,3,Ireland,1997/10/13,1997/10/15,2
SAVEA,4,USA,1997/10/22,1997/10/24,2
KOENE,4,Germany,1997/10/27,1997/10/29,2
QUICK,1,Germany,1997/10/29,1997/10/31,2
CHOPS,4,Switzerland,1997/11/19,1997/11/21,2
FRANS,2,Italy,1997/11/25,1997/11/27,2
MAGAA,1,Italy,1997/11/25,1997/11/27,2
BONAP,4,France,1997/11/26,1997/11/28,2
WARTH,3,Finland,1997/12/17,1997/12/19,2
BOLID,2,Spain,1997/12/29,1997/12/31,2
QUICK,1,Germany,1998/02/10,1998/02/12,2
WILMK,3,Finland,1998/02/10,1998/02/12,2
DUMON,3,France,1998/02/16,1998/02/18,2
LEHMS,1,Germany,1998/02/17,1998/02/19,2
MAISD,1,Belgium,1998/02/17,1998/02/19,2
KOENE,5,Germany,1998/02/18,1998/02/20,2
SAVEA,3,USA,1998/02/18,1998/02/20,2
SPECD,1,France,1998/02/25,1998/02/27,2
LINOD,3,Venezuela,1998/03/02,1998/03/04,2
HANAR,2,Brazil,1998/03/03,1998/03/05,2
LACOR,2,France,1998/03/24,1998/03/26,2
BOTTM,2,Canada,1998/03/25,1998/03/27,2
QUEDE,3,Brazil,1998/03/31,1998/04/02,2
THEBI,1,USA,1998/04/01,1998/04/03,2
THECR,3,USA,1998/04/06,1998/04/08,2
GODOS,3,Spain,1998/04/08,1998/04/10,2
OTTIK,1,Germany,1998/04/14,1998/04/16,2
DRACD,2,Germany,1998/04/20,1998/04/22,2
PICCO,3,Austria,1998/04/27,1998/04/29,2
NORTS,1,UK,1998/04/29,1998/05/01,2
DRACD,1,Germany,1998/05/04,1998/05/06,2
TORTU,1,Mexico,1998/05/04,1998/05/06,2
WARTH,2,Finland,1996/08/01,1996/08/02,1
LILAS,1,Venezuela,1996/12/12,1996/12/13,1
SEVES,3,UK,1996/12/19,1996/12/20,1
VICTE,3,France,1997/02/27,1997/02/28,1
BSBEV,2,UK,1997/05/15,1997/05/16,1
ANTON,3,Mexico,1997/06/19,1997/06/20,1
LAMAI,1,France,1997/08/14,1997/08/15,1
MAISD,2,Belgium,1997/08/28,1997/08/29,1
WILMK,3,Finland,1997/09/18,1997/09/19,1
HANAR,2,Brazil,1997/10/02,1997/10/03,1
BONAP,1,France,1997/11/06,1997/11/07,1
FOLKO,2,Sweden,1997/12/11,1997/12/12,1
HANAR,2,Brazil,1997/12/18,1997/12/19,1
SUPRD,3,Belgium,1998/01/22,1998/01/23,1
LETSS,3,USA,1998/02/12,1998/02/13,1
BOTTM,3,Canada,1998/03/12,1998/03/13,1
ROMEY,4,Spain,1998/04/09,1998/04/10,1
WANDK,3,Germany,1998/04/23,1998/04/24,1
